risk_id,supplier_id,scored_at,model_name,model_version,delay_probability,avg_delay_days_pred,risk_tier,composite_risk_score,hist_mean_delay_days,hist_delay_variance,hist_on_time_rate,orders_evaluated,shap_top_features,recommended_action,created_at,year_month,rolling_delay_mean_3m,rolling_delay_std_3m,rolling_on_time_rate_3m,rolling_delay_prob_3m,delay_trend_3m,delay_spike_flag,lag_1m_delay_mean,lag_1m_delay_prob,lag_2m_delay_mean,reliability_score,payment_terms_days,country_risk_tier,years_active,country,region,risk_tier_encoded,reliability_x_ontime,delay_var_x_mean,region_Americas,region_Asia,region_Europe
1,1,2024-01-01,supplier_risk_v1,1.0.0,0.0574,0.55,low,19.4,0.5831,0.3822,0.5333,60,"{'hist_mean_delay': 0.583, 'on_time_rate': 0.533, 'hist_delay_var': 0.382, 'order_frequency': 60}",No action required; continue standard ordering.,2024-01-01T00:00:00Z,2024-01-01,,0.0,,,,0,,,,9.2,30,2,2.58,China,Asia,0,4.906359999999999,0.22286081999999996,0,1,0
2,1,2024-02-01,supplier_risk_v1,1.0.0,0.0784,0.49,low,22.45,0.6488,0.4074,0.4667,60,"{'hist_mean_delay': 0.649, 'on_time_rate': 0.467, 'hist_delay_var': 0.407, 'order_frequency': 60}",No action required; continue standard ordering.,2024-02-01T00:00:00Z,2024-02-01,0.5831,0.0,0.5333,0.0574,0.06570000000000001,1,0.5831,0.0574,,9.2,30,2,2.58,China,Asia,0,4.29364,0.26432112,0,1,0
3,1,2024-03-01,supplier_risk_v1,1.0.0,0.0,0.51,low,15.47,0.5349,0.4083,0.5833,60,"{'hist_mean_delay': 0.535, 'on_time_rate': 0.583, 'hist_delay_var': 0.408, 'order_frequency': 60}",No action required; continue standard ordering.,2024-03-01T00:00:00Z,2024-03-01,0.61595,0.04645691552395624,0.5,0.0679,-0.024099999999999844,0,0.6488,0.0784,0.5831,9.2,30,2,2.58,China,Asia,0,5.36636,0.21839967000000002,0,1,0
4,1,2024-04-01,supplier_risk_v1,1.0.0,0.0,0.58,medium,25.6,0.8449,0.4082,0.2833,60,"{'hist_mean_delay': 0.845, 'on_time_rate': 0.283, 'hist_delay_var': 0.408, 'order_frequency': 60}",Monitor delivery windows; consider dual-sourcing.,2024-04-01T00:00:00Z,2024-04-01,0.5889333333333333,0.057173624455104585,0.5277666666666666,0.04526666666666667,0.09804999999999996,1,0.5349,0.0,0.6488,9.2,30,2,2.58,China,Asia,1,2.6063599999999996,0.34488818,0,1,0
5,1,2024-05-01,supplier_risk_v1,1.0.0,0.0,0.52,low,17.39,0.5792,0.3776,0.5167,60,"{'hist_mean_delay': 0.579, 'on_time_rate': 0.517, 'hist_delay_var': 0.378, 'order_frequency': 60}",No action required; continue standard ordering.,2024-05-01T00:00:00Z,2024-05-01,0.6762,0.15680583535060164,0.4444333333333333,0.02613333333333333,0.022150000000000034,0,0.8449,0.0,0.5349,9.2,30,2,2.58,China,Asia,0,4.75364,0.21870592000000003,0,1,0
6,1,2024-06-01,supplier_risk_v1,1.0.0,0.0326,0.5,low,19.48,0.6134,0.4374,0.5,60,"{'hist_mean_delay': 0.613, 'on_time_rate': 0.5, 'hist_delay_var': 0.437, 'order_frequency': 60}",No action required; continue standard ordering.,2024-06-01T00:00:00Z,2024-06-01,0.653,0.16765986401044225,0.46110000000000007,0.0,-0.11575000000000009,0,0.5792,0.0,0.8449,9.2,30,2,2.58,China,Asia,0,4.6,0.26830116,0,1,0
7,1,2024-07-01,supplier_risk_v1,1.0.0,0.0287,0.79,low,16.61,0.5347,0.3405,0.5833,60,"{'hist_mean_delay': 0.535, 'on_time_rate': 0.583, 'hist_delay_var': 0.34, 'order_frequency': 60}",No action required; continue standard ordering.,2024-07-01T00:00:00Z,2024-07-01,0.6791666666666667,0.1445443299937197,0.43333333333333335,0.010866666666666665,-0.022250000000000044,0,0.6134,0.0326,0.5792,9.2,30,2,2.58,China,Asia,0,5.36636,0.18206535,0,1,0
8,1,2024-08-01,supplier_risk_v1,1.0.0,0.0,0.46,low,18.0,0.5753,0.3084,0.4833,60,"{'hist_mean_delay': 0.575, 'on_time_rate': 0.483, 'hist_delay_var': 0.308, 'order_frequency': 60}",No action required; continue standard ordering.,2024-08-01T00:00:00Z,2024-08-01,0.5757666666666666,0.03946217598325443,0.5333333333333333,0.02043333333333333,-0.019050000000000036,0,0.5347,0.0287,0.6134,9.2,30,2,2.58,China,Asia,0,4.446359999999999,0.17742252000000003,0,1,0
9,1,2024-09-01,supplier_risk_v1,1.0.0,0.0301,0.51,low,17.66,0.5593,0.3712,0.55,60,"{'hist_mean_delay': 0.559, 'on_time_rate': 0.55, 'hist_delay_var': 0.371, 'order_frequency': 60}",No action required; continue standard ordering.,2024-09-01T00:00:00Z,2024-09-01,0.5744666666666666,0.039356617402075376,0.5222,0.02043333333333333,0.012299999999999972,0,0.5753,0.0,0.5347,9.2,30,2,2.58,China,Asia,0,5.06,0.20761216,0,1,0
10,1,2024-10-01,supplier_risk_v1,1.0.0,0.0236,0.55,low,18.4,0.6091,0.3728,0.5333,60,"{'hist_mean_delay': 0.609, 'on_time_rate': 0.533, 'hist_delay_var': 0.373, 'order_frequency': 60}",No action required; continue standard ordering.,2024-10-01T00:00:00Z,2024-10-01,0.5564333333333333,0.020451242831019994,0.5388666666666667,0.0196,0.016900000000000016,1,0.5593,0.0301,0.5753,9.2,30,2,2.58,China,Asia,0,4.906359999999999,0.22707248,0,1,0
11,1,2024-11-01,supplier_risk_v1,1.0.0,0.0092,0.59,low,19.0,0.6474,0.4583,0.5,60,"{'hist_mean_delay': 0.647, 'on_time_rate': 0.5, 'hist_delay_var': 0.458, 'order_frequency': 60}",No action required; continue standard ordering.,2024-11-01T00:00:00Z,2024-11-01,0.5812333333333334,0.02542465994528428,0.5222000000000001,0.0179,0.04405000000000003,1,0.6091,0.0236,0.5593,9.2,30,2,2.58,China,Asia,0,4.6,0.29670342,0,1,0
12,1,2024-12-01,supplier_risk_v1,1.0.0,0.0,0.72,low,22.29,0.7216,0.3264,0.3667,60,"{'hist_mean_delay': 0.722, 'on_time_rate': 0.367, 'hist_delay_var': 0.326, 'order_frequency': 60}",No action required; continue standard ordering.,2024-12-01T00:00:00Z,2024-12-01,0.6052666666666667,0.04417491746832515,0.5277666666666666,0.020966666666666665,0.05624999999999998,1,0.6474,0.0092,0.6091,9.2,30,2,2.58,China,Asia,0,3.37364,0.23553024000000003,0,1,0
13,2,2024-01-01,supplier_risk_v1,1.0.0,0.5621,2.55,medium,48.23,2.6028,3.9857,0.2333,60,"{'hist_mean_delay': 2.603, 'on_time_rate': 0.233, 'hist_delay_var': 3.986, 'order_frequency': 60}",Monitor delivery windows; consider dual-sourcing.,2024-01-01T00:00:00Z,2024-01-01,,0.0,,,,0,,,,7.8,45,2,2.58,India,Asia,1,1.81974,10.37397996,0,1,0
14,2,2024-02-01,supplier_risk_v1,1.0.0,0.5301,2.35,medium,46.08,2.3029,3.902,0.2167,60,"{'hist_mean_delay': 2.303, 'on_time_rate': 0.217, 'hist_delay_var': 3.902, 'order_frequency': 60}",Monitor delivery windows; consider dual-sourcing.,2024-02-01T00:00:00Z,2024-02-01,2.6028,0.0,0.2333,0.5621,-0.2998999999999997,0,2.6028,0.5621,,7.8,45,2,2.58,India,Asia,1,1.69026,8.9859158,0,1,0
15,2,2024-03-01,supplier_risk_v1,1.0.0,0.5346,2.86,medium,45.23,2.5455,5.7081,0.3167,60,"{'hist_mean_delay': 2.546, 'on_time_rate': 0.317, 'hist_delay_var': 5.708, 'order_frequency': 60}",Monitor delivery windows; consider dual-sourcing.,2024-03-01T00:00:00Z,2024-03-01,2.4528499999999998,0.21206132367784516,0.225,0.5461,-0.028649999999999884,0,2.3029,0.5301,2.6028,7.8,45,2,2.58,India,Asia,1,2.4702599999999997,14.52996855,0,1,0
16,2,2024-04-01,supplier_risk_v1,1.0.0,0.4015,2.3,medium,38.06,2.0843,4.5921,0.3167,60,"{'hist_mean_delay': 2.084, 'on_time_rate': 0.317, 'hist_delay_var': 4.592, 'order_frequency': 60}",Monitor delivery windows; consider dual-sourcing.,2024-04-01T00:00:00Z,2024-04-01,2.4837333333333333,0.15920534957511087,0.25556666666666666,0.5422666666666667,-0.10930000000000016,0,2.5455,0.5346,2.3029,7.8,45,2,2.58,India,Asia,1,2.4702599999999997,9.57131403,0,1,0
17,2,2024-05-01,supplier_risk_v1,1.0.0,0.5109,2.49,medium,43.31,2.2188,4.1115,0.3,60,"{'hist_mean_delay': 2.219, 'on_time_rate': 0.3, 'hist_delay_var': 4.111, 'order_frequency': 60}",Monitor delivery windows; consider dual-sourcing.,2024-05-01T00:00:00Z,2024-05-01,2.3108999999999997,0.2307040528469319,0.2833666666666666,0.4887333333333333,-0.16334999999999977,0,2.0843,0.4015,2.5455,7.8,45,2,2.58,India,Asia,1,2.34,9.1225962,0,1,0
18,2,2024-06-01,supplier_risk_v1,1.0.0,0.3663,2.01,medium,36.67,1.9209,4.0649,0.2833,60,"{'hist_mean_delay': 1.921, 'on_time_rate': 0.283, 'hist_delay_var': 4.065, 'order_frequency': 60}",Monitor delivery windows; consider dual-sourcing.,2024-06-01T00:00:00Z,2024-06-01,2.2828666666666666,0.2371808662884367,0.3111333333333333,0.48233333333333334,-0.0816999999999995,0,2.2188,0.5109,2.0843,7.8,45,2,2.58,India,Asia,1,2.20974,7.80826641,0,1,0
19,2,2024-07-01,supplier_risk_v1,1.0.0,0.5171,1.98,medium,43.76,2.1856,3.3088,0.2833,60,"{'hist_mean_delay': 2.186, 'on_time_rate': 0.283, 'hist_delay_var': 3.309, 'order_frequency': 60}",Monitor delivery windows; consider dual-sourcing.,2024-07-01T00:00:00Z,2024-07-01,2.074666666666667,0.14918345529358537,0.3,0.4262333333333334,-0.016599999999999657,0,1.9209,0.3663,2.2188,7.8,45,2,2.58,India,Asia,1,2.20974,7.23171328,0,1,0
20,2,2024-08-01,supplier_risk_v1,1.0.0,0.5263,1.63,medium,42.82,2.1081,3.2524,0.3333,60,"{'hist_mean_delay': 2.108, 'on_time_rate': 0.333, 'hist_delay_var': 3.252, 'order_frequency': 60}",Monitor delivery windows; consider dual-sourcing.,2024-08-01T00:00:00Z,2024-08-01,2.1084333333333336,0.16325478043026245,0.28886666666666666,0.4647666666666667,0.09360000000000013,0,2.1856,0.5171,1.9209,7.8,45,2,2.58,India,Asia,1,2.5997399999999997,6.85638444,0,1,0
21,2,2024-09-01,supplier_risk_v1,1.0.0,0.5649,2.7,medium,45.69,2.1896,3.7589,0.2833,60,"{'hist_mean_delay': 2.19, 'on_time_rate': 0.283, 'hist_delay_var': 3.759, 'order_frequency': 60}",Monitor delivery windows; consider dual-sourcing.,2024-09-01T00:00:00Z,2024-09-01,2.0715333333333334,0.13608586750038815,0.29996666666666666,0.4699,0.0020000000000000603,0,2.1081,0.5263,2.1856,7.8,45,2,2.58,India,Asia,1,2.20974,8.230487440000001,0,1,0
22,2,2024-10-01,supplier_risk_v1,1.0.0,0.5203,2.27,medium,47.04,2.391,3.6271,0.1667,60,"{'hist_mean_delay': 2.391, 'on_time_rate': 0.167, 'hist_delay_var': 3.627, 'order_frequency': 60}",Monitor delivery windows; consider dual-sourcing.,2024-10-01T00:00:00Z,2024-10-01,2.1611,0.04594289934255289,0.29996666666666666,0.5360999999999999,0.14145000000000055,1,2.1896,0.5649,2.1081,7.8,45,2,2.58,India,Asia,1,1.30026,8.6723961,0,1,0
23,2,2024-11-01,supplier_risk_v1,1.0.0,0.4302,2.33,medium,41.85,2.1606,3.6799,0.2,60,"{'hist_mean_delay': 2.161, 'on_time_rate': 0.2, 'hist_delay_var': 3.68, 'order_frequency': 60}",Monitor delivery windows; consider dual-sourcing.,2024-11-01T00:00:00Z,2024-11-01,2.229566666666667,0.1456231552100604,0.2611,0.5371666666666667,-0.01449999999999993,0,2.391,0.5203,2.1896,7.8,45,2,2.58,India,Asia,1,1.56,7.95079194,0,1,0
24,2,2024-12-01,supplier_risk_v1,1.0.0,0.5865,2.38,medium,48.41,2.5718,4.5359,0.2667,60,"{'hist_mean_delay': 2.572, 'on_time_rate': 0.267, 'hist_delay_var': 4.536, 'order_frequency': 60}",Monitor delivery windows; consider dual-sourcing.,2024-12-01T00:00:00Z,2024-12-01,2.2470666666666665,0.1254904511639564,0.21666666666666667,0.5051333333333333,0.09039999999999988,1,2.1606,0.4302,2.391,7.8,45,2,2.58,India,Asia,1,2.08026,11.665427619999999,0,1,0
25,3,2024-01-01,supplier_risk_v1,1.0.0,0.2559,0.85,medium,34.28,1.2556,0.967,0.3,60,"{'hist_mean_delay': 1.256, 'on_time_rate': 0.3, 'hist_delay_var': 0.967, 'order_frequency': 60}",Monitor delivery windows; consider dual-sourcing.,2024-01-01T00:00:00Z,2024-01-01,,0.0,,,,0,,,,8.5,15,1,2.58,USA,Americas,1,2.55,1.2141652,1,0,0
26,3,2024-02-01,supplier_risk_v1,1.0.0,0.2056,1.07,medium,32.39,1.1459,0.8432,0.25,60,"{'hist_mean_delay': 1.146, 'on_time_rate': 0.25, 'hist_delay_var': 0.843, 'order_frequency': 60}",Monitor delivery windows; consider dual-sourcing.,2024-02-01T00:00:00Z,2024-02-01,1.2556,0.0,0.3,0.2559,-0.10970000000000031,0,1.2556,0.2559,,8.5,15,1,2.58,USA,Americas,1,2.125,0.9662228799999999,1,0,0
27,3,2024-03-01,supplier_risk_v1,1.0.0,0.2221,1.26,medium,32.89,1.2089,0.9166,0.2833,60,"{'hist_mean_delay': 1.209, 'on_time_rate': 0.283, 'hist_delay_var': 0.917, 'order_frequency': 60}",Monitor delivery windows; consider dual-sourcing.,2024-03-01T00:00:00Z,2024-03-01,1.20075,0.07756961389616436,0.275,0.23075,-0.023349999999999836,0,1.1459,0.2056,1.2556,8.5,15,1,2.58,USA,Americas,1,2.40805,1.1080777400000001,1,0,0
28,3,2024-04-01,supplier_risk_v1,1.0.0,0.1875,1.12,medium,30.36,1.1069,0.9796,0.3,60,"{'hist_mean_delay': 1.107, 'on_time_rate': 0.3, 'hist_delay_var': 0.98, 'order_frequency': 60}",Monitor delivery windows; consider dual-sourcing.,2024-04-01T00:00:00Z,2024-04-01,1.2034666666666667,0.05505146077383725,0.27776666666666666,0.22786666666666666,-0.019499999999999948,0,1.2089,0.2221,1.1459,8.5,15,1,2.58,USA,Americas,1,2.55,1.0843192400000001,1,0,0
29,3,2024-05-01,supplier_risk_v1,1.0.0,0.2303,1.31,medium,31.89,1.1268,0.9965,0.3167,60,"{'hist_mean_delay': 1.127, 'on_time_rate': 0.317, 'hist_delay_var': 0.996, 'order_frequency': 60}",Monitor delivery windows; consider dual-sourcing.,2024-05-01T00:00:00Z,2024-05-01,1.1539,0.05146843692983111,0.27776666666666666,0.20506666666666665,-0.04104999999999999,0,1.1069,0.1875,1.2089,8.5,15,1,2.58,USA,Americas,1,2.69195,1.1228562000000002,1,0,0
30,3,2024-06-01,supplier_risk_v1,1.0.0,0.2979,1.28,medium,38.97,1.3819,0.8606,0.2,60,"{'hist_mean_delay': 1.382, 'on_time_rate': 0.2, 'hist_delay_var': 0.861, 'order_frequency': 60}",Monitor delivery windows; consider dual-sourcing.,2024-06-01T00:00:00Z,2024-06-01,1.1475333333333333,0.054068505928436136,0.3,0.21330000000000002,0.13749999999999973,1,1.1268,0.2303,1.1069,8.5,15,1,2.58,USA,Americas,1,1.7000000000000002,1.18926314,1,0,0
31,3,2024-07-01,supplier_risk_v1,1.0.0,0.2623,1.56,medium,38.66,1.4795,1.0419,0.1833,60,"{'hist_mean_delay': 1.479, 'on_time_rate': 0.183, 'hist_delay_var': 1.042, 'order_frequency': 60}",Monitor delivery windows; consider dual-sourcing.,2024-07-01T00:00:00Z,2024-07-01,1.2051999999999998,0.1533498288228585,0.2722333333333333,0.23856666666666668,0.17634999999999995,0,1.3819,0.2979,1.1268,8.5,15,1,2.58,USA,Americas,1,1.55805,1.54149105,1,0,0
32,3,2024-08-01,supplier_risk_v1,1.0.0,0.2523,1.06,medium,32.61,1.148,0.9179,0.3333,60,"{'hist_mean_delay': 1.148, 'on_time_rate': 0.333, 'hist_delay_var': 0.918, 'order_frequency': 60}",Monitor delivery windows; consider dual-sourcing.,2024-08-01T00:00:00Z,2024-08-01,1.3294,0.18211674826879626,0.2333333333333333,0.2635,-0.11694999999999998,0,1.4795,0.2623,1.3819,8.5,15,1,2.58,USA,Americas,1,2.83305,1.0537492,1,0,0
33,3,2024-09-01,supplier_risk_v1,1.0.0,0.1282,0.93,medium,26.39,0.9915,0.6527,0.3333,60,"{'hist_mean_delay': 0.991, 'on_time_rate': 0.333, 'hist_delay_var': 0.653, 'order_frequency': 60}",Monitor delivery windows; consider dual-sourcing.,2024-09-01T00:00:00Z,2024-09-01,1.3364666666666665,0.17035610741424403,0.23886666666666667,0.2708333333333333,-0.24400000000000013,0,1.148,0.2523,1.4795,8.5,15,1,2.58,USA,Americas,1,2.83305,0.64715205,1,0,0
34,3,2024-10-01,supplier_risk_v1,1.0.0,0.3049,0.85,medium,34.57,1.2129,1.3193,0.3667,60,"{'hist_mean_delay': 1.213, 'on_time_rate': 0.367, 'hist_delay_var': 1.319, 'order_frequency': 60}",Monitor delivery windows; consider dual-sourcing.,2024-10-01T00:00:00Z,2024-10-01,1.2063333333333333,0.249174804772339,0.28329999999999994,0.2142666666666667,0.03245000000000018,0,0.9915,0.1282,1.148,8.5,15,1,2.58,USA,Americas,1,3.11695,1.60017897,1,0,0
35,3,2024-11-01,supplier_risk_v1,1.0.0,0.2756,1.1,medium,33.2,1.1885,1.2077,0.3667,60,"{'hist_mean_delay': 1.188, 'on_time_rate': 0.367, 'hist_delay_var': 1.208, 'order_frequency': 60}",Monitor delivery windows; consider dual-sourcing.,2024-11-01T00:00:00Z,2024-11-01,1.1174666666666668,0.11381433711678464,0.34443333333333337,0.22846666666666668,0.09850000000000006,0,1.2129,0.3049,0.9915,8.5,15,1,2.58,USA,Americas,1,3.11695,1.4353514499999998,1,0,0
36,3,2024-12-01,supplier_risk_v1,1.0.0,0.192,1.14,medium,30.05,1.1707,1.1706,0.35,60,"{'hist_mean_delay': 1.171, 'on_time_rate': 0.35, 'hist_delay_var': 1.171, 'order_frequency': 60}",Monitor delivery windows; consider dual-sourcing.,2024-12-01T00:00:00Z,2024-12-01,1.1309666666666667,0.1213962657305945,0.35556666666666664,0.23623333333333332,-0.0211,0,1.1885,0.2756,1.2129,8.5,15,1,2.58,USA,Americas,1,2.9749999999999996,1.3704214200000002,1,0,0
37,4,2024-01-01,supplier_risk_v1,1.0.0,0.0,0.3,low,12.43,0.3048,0.124,0.6833,60,"{'hist_mean_delay': 0.305, 'on_time_rate': 0.683, 'hist_delay_var': 0.124, 'order_frequency': 60}",No action required; continue standard ordering.,2024-01-01T00:00:00Z,2024-01-01,,0.0,,,,0,,,,9.5,30,1,2.58,Germany,Europe,0,6.491350000000001,0.0377952,0,0,1
38,4,2024-02-01,supplier_risk_v1,1.0.0,0.0,0.54,low,16.05,0.4191,0.1855,0.6167,60,"{'hist_mean_delay': 0.419, 'on_time_rate': 0.617, 'hist_delay_var': 0.185, 'order_frequency': 60}",No action required; continue standard ordering.,2024-02-01T00:00:00Z,2024-02-01,0.3048,0.0,0.6833,0.0,0.11429999999999987,1,0.3048,0.0,,9.5,30,1,2.58,Germany,Europe,0,5.85865,0.07774305,0,0,1
39,4,2024-03-01,supplier_risk_v1,1.0.0,0.0322,0.47,low,13.88,0.3295,0.1195,0.7,60,"{'hist_mean_delay': 0.329, 'on_time_rate': 0.7, 'hist_delay_var': 0.12, 'order_frequency': 60}",No action required; continue standard ordering.,2024-03-01T00:00:00Z,2024-03-01,0.36195,0.08082230508962235,0.65,0.0,0.012349999999999986,0,0.4191,0.0,0.3048,9.5,30,1,2.58,Germany,Europe,0,6.6499999999999995,0.03937525,0,0,1
40,4,2024-04-01,supplier_risk_v1,1.0.0,0.0626,0.23,low,11.85,0.2505,0.1037,0.7833,60,"{'hist_mean_delay': 0.251, 'on_time_rate': 0.783, 'hist_delay_var': 0.104, 'order_frequency': 60}",No action required; continue standard ordering.,2024-04-01T00:00:00Z,2024-04-01,0.3511333333333333,0.060142525165920085,0.6666666666666666,0.010733333333333333,-0.08429999999999997,0,0.3295,0.0322,0.4191,9.5,30,1,2.58,Germany,Europe,0,7.44135,0.02597685,0,0,1
41,4,2024-05-01,supplier_risk_v1,1.0.0,0.0,0.24,low,12.48,0.3075,0.1121,0.6833,60,"{'hist_mean_delay': 0.307, 'on_time_rate': 0.683, 'hist_delay_var': 0.112, 'order_frequency': 60}",No action required; continue standard ordering.,2024-05-01T00:00:00Z,2024-05-01,0.33303333333333335,0.08435551750379658,0.7000000000000001,0.031599999999999996,-0.011000000000000008,0,0.2505,0.0626,0.3295,9.5,30,1,2.58,Germany,Europe,0,6.491350000000001,0.03447075,0,0,1
42,4,2024-06-01,supplier_risk_v1,1.0.0,0.0,0.37,low,9.88,0.2607,0.1025,0.7667,60,"{'hist_mean_delay': 0.261, 'on_time_rate': 0.767, 'hist_delay_var': 0.103, 'order_frequency': 60}",No action required; continue standard ordering.,2024-06-01T00:00:00Z,2024-06-01,0.29583333333333334,0.04077172222672641,0.7222,0.0316,0.005099999999999998,0,0.3075,0.0,0.2505,9.5,30,1,2.58,Germany,Europe,0,7.283650000000001,0.026721749999999996,0,0,1
43,4,2024-07-01,supplier_risk_v1,1.0.0,0.0255,0.29,low,11.57,0.2942,0.0814,0.7667,60,"{'hist_mean_delay': 0.294, 'on_time_rate': 0.767, 'hist_delay_var': 0.081, 'order_frequency': 60}",No action required; continue standard ordering.,2024-07-01T00:00:00Z,2024-07-01,0.2729,0.03039539438796614,0.7444333333333333,0.020866666666666672,-0.006649999999999992,0,0.2607,0.0,0.3075,9.5,30,1,2.58,Germany,Europe,0,7.283650000000001,0.02394788,0,0,1
44,4,2024-08-01,supplier_risk_v1,1.0.0,0.0,0.38,low,13.97,0.3651,0.1724,0.6667,60,"{'hist_mean_delay': 0.365, 'on_time_rate': 0.667, 'hist_delay_var': 0.172, 'order_frequency': 60}",No action required; continue standard ordering.,2024-08-01T00:00:00Z,2024-08-01,0.2874666666666667,0.024115624257591513,0.7389,0.008499999999999999,0.05220000000000002,1,0.2942,0.0255,0.2607,9.5,30,1,2.58,Germany,Europe,0,6.33365,0.06294324,0,0,1
45,4,2024-09-01,supplier_risk_v1,1.0.0,0.0,0.5,low,12.78,0.3559,0.1345,0.7167,60,"{'hist_mean_delay': 0.356, 'on_time_rate': 0.717, 'hist_delay_var': 0.134, 'order_frequency': 60}",No action required; continue standard ordering.,2024-09-01T00:00:00Z,2024-09-01,0.30666666666666664,0.05330481529217911,0.7333666666666666,0.008499999999999999,0.03084999999999997,0,0.3651,0.0,0.2942,9.5,30,1,2.58,Germany,Europe,0,6.80865,0.04786855,0,0,1
46,4,2024-10-01,supplier_risk_v1,1.0.0,0.0316,0.11,low,9.91,0.2491,0.0996,0.8167,60,"{'hist_mean_delay': 0.249, 'on_time_rate': 0.817, 'hist_delay_var': 0.1, 'order_frequency': 60}",No action required; continue standard ordering.,2024-10-01T00:00:00Z,2024-10-01,0.33840000000000003,0.03855372874314487,0.7167,0.008499999999999999,-0.057999999999999996,0,0.3559,0.0,0.3651,9.5,30,1,2.58,Germany,Europe,0,7.758649999999999,0.024810359999999997,0,0,1
47,4,2024-11-01,supplier_risk_v1,1.0.0,0.0,0.38,low,14.0,0.3666,0.1479,0.6667,60,"{'hist_mean_delay': 0.367, 'on_time_rate': 0.667, 'hist_delay_var': 0.148, 'order_frequency': 60}",No action required; continue standard ordering.,2024-11-01T00:00:00Z,2024-11-01,0.32336666666666664,0.06448110834448592,0.7333666666666666,0.010533333333333334,0.0053499999999999485,0,0.2491,0.0316,0.3559,9.5,30,1,2.58,Germany,Europe,0,6.33365,0.05422014,0,0,1
48,4,2024-12-01,supplier_risk_v1,1.0.0,0.0,0.27,low,10.58,0.2788,0.1237,0.75,60,"{'hist_mean_delay': 0.279, 'on_time_rate': 0.75, 'hist_delay_var': 0.124, 'order_frequency': 60}",No action required; continue standard ordering.,2024-12-01T00:00:00Z,2024-12-01,0.3238666666666667,0.06497048047639276,0.7333666666666666,0.010533333333333334,0.01485,0,0.3666,0.0,0.2491,9.5,30,1,2.58,Germany,Europe,0,7.125,0.03448756,0,0,1
49,5,2024-01-01,supplier_risk_v1,1.0.0,0.6648,4.2,high,52.14,3.9988,10.871,0.1667,60,"{'hist_mean_delay': 3.999, 'on_time_rate': 0.167, 'hist_delay_var': 10.871, 'order_frequency': 60}",Increase safety stock; request SLA commitment.,2024-01-01T00:00:00Z,2024-01-01,,0.0,,,,0,,,,6.5,60,2,2.58,Vietnam,Asia,2,1.08355,43.4709548,0,1,0
50,5,2024-02-01,supplier_risk_v1,1.0.0,0.693,5.18,high,54.61,4.6013,13.4261,0.1667,60,"{'hist_mean_delay': 4.601, 'on_time_rate': 0.167, 'hist_delay_var': 13.426, 'order_frequency': 60}",Increase safety stock; request SLA commitment.,2024-02-01T00:00:00Z,2024-02-01,3.9988,0.0,0.1667,0.6648,0.6024999999999994,1,3.9988,0.6648,,6.5,60,2,2.58,Vietnam,Asia,2,1.08355,61.777513930000005,0,1,0
51,5,2024-03-01,supplier_risk_v1,1.0.0,0.6988,4.3,high,53.25,4.0352,10.3868,0.1833,60,"{'hist_mean_delay': 4.035, 'on_time_rate': 0.183, 'hist_delay_var': 10.387, 'order_frequency': 60}",Increase safety stock; request SLA commitment.,2024-03-01T00:00:00Z,2024-03-01,4.300050000000001,0.4260318356648946,0.1667,0.6789,0.018200000000000365,0,4.6013,0.693,3.9988,6.5,60,2,2.58,Vietnam,Asia,2,1.19145,41.912815359999996,0,1,0
52,5,2024-04-01,supplier_risk_v1,1.0.0,0.6938,4.88,high,53.98,4.6034,15.079,0.2,60,"{'hist_mean_delay': 4.603, 'on_time_rate': 0.2, 'hist_delay_var': 15.079, 'order_frequency': 60}",Increase safety stock; request SLA commitment.,2024-04-01T00:00:00Z,2024-04-01,4.211766666666667,0.33783635584900173,0.17223333333333332,0.6855333333333333,0.0010499999999992922,0,4.0352,0.6988,4.6013,6.5,60,2,2.58,Vietnam,Asia,2,1.3,69.4146686,0,1,0
53,5,2024-05-01,supplier_risk_v1,1.0.0,0.7166,5.78,high,55.11,4.8491,14.349,0.2167,60,"{'hist_mean_delay': 4.849, 'on_time_rate': 0.217, 'hist_delay_var': 14.349, 'order_frequency': 60}",Increase safety stock; request SLA commitment.,2024-05-01T00:00:00Z,2024-05-01,4.4133000000000004,0.3274458886594853,0.18333333333333335,0.6951999999999999,0.4069499999999998,0,4.6034,0.6938,4.0352,6.5,60,2,2.58,Vietnam,Asia,2,1.40855,69.5797359,0,1,0
54,5,2024-06-01,supplier_risk_v1,1.0.0,0.7256,4.18,high,56.17,4.4178,9.2172,0.1333,60,"{'hist_mean_delay': 4.418, 'on_time_rate': 0.133, 'hist_delay_var': 9.217, 'order_frequency': 60}",Increase safety stock; request SLA commitment.,2024-06-01T00:00:00Z,2024-06-01,4.4959,0.4174631600512793,0.19999999999999998,0.7030666666666666,-0.09280000000000058,0,4.8491,0.7166,4.6034,6.5,60,2,2.58,Vietnam,Asia,2,0.86645,40.71974616,0,1,0
55,5,2024-07-01,supplier_risk_v1,1.0.0,0.7423,4.61,high,56.28,4.4664,10.1721,0.1667,60,"{'hist_mean_delay': 4.466, 'on_time_rate': 0.167, 'hist_delay_var': 10.172, 'order_frequency': 60}",Increase safety stock; request SLA commitment.,2024-07-01T00:00:00Z,2024-07-01,4.623433333333334,0.21634676640369127,0.18333333333333335,0.7120000000000001,-0.1913499999999994,0,4.4178,0.7256,4.8491,6.5,60,2,2.58,Vietnam,Asia,2,1.08355,45.43266744,0,1,0
56,5,2024-08-01,supplier_risk_v1,1.0.0,0.6429,5.3,high,52.13,4.3846,11.6547,0.1667,60,"{'hist_mean_delay': 4.385, 'on_time_rate': 0.167, 'hist_delay_var': 11.655, 'order_frequency': 60}",Increase safety stock; request SLA commitment.,2024-08-01T00:00:00Z,2024-08-01,4.577766666666666,0.23623467851552488,0.17223333333333335,0.7281666666666666,-0.016599999999999917,0,4.4664,0.7423,4.4178,6.5,60,2,2.58,Vietnam,Asia,2,1.08355,51.10119762,0,1,0
57,5,2024-09-01,supplier_risk_v1,1.0.0,0.7443,4.33,high,55.84,4.2304,9.9159,0.1667,60,"{'hist_mean_delay': 4.23, 'on_time_rate': 0.167, 'hist_delay_var': 9.916, 'order_frequency': 60}",Increase safety stock; request SLA commitment.,2024-09-01T00:00:00Z,2024-09-01,4.422933333333333,0.041140896117290264,0.15556666666666666,0.7036000000000001,-0.11800000000000038,0,4.3846,0.6429,4.4664,6.5,60,2,2.58,Vietnam,Asia,2,1.08355,41.94822336000001,0,1,0
58,5,2024-10-01,supplier_risk_v1,1.0.0,0.7863,4.9,high,56.28,3.8243,9.1574,0.1833,60,"{'hist_mean_delay': 3.824, 'on_time_rate': 0.183, 'hist_delay_var': 9.157, 'order_frequency': 60}",Increase safety stock; request SLA commitment.,2024-10-01T00:00:00Z,2024-10-01,4.3604666666666665,0.1198366109890202,0.1667,0.7098333333333334,-0.2801499999999999,0,4.2304,0.7443,4.3846,6.5,60,2,2.58,Vietnam,Asia,2,1.19145,35.02064482,0,1,0
59,5,2024-11-01,supplier_risk_v1,1.0.0,0.7178,5.29,high,55.01,4.9343,14.1082,0.2333,60,"{'hist_mean_delay': 4.934, 'on_time_rate': 0.233, 'hist_delay_var': 14.108, 'order_frequency': 60}",Increase safety stock; request SLA commitment.,2024-11-01T00:00:00Z,2024-11-01,4.146433333333333,0.2894336250910288,0.17223333333333332,0.7244999999999999,0.3519499999999998,1,3.8243,0.7863,4.2304,6.5,60,2,2.58,Vietnam,Asia,2,1.51645,69.61409126000001,0,1,0
60,5,2024-12-01,supplier_risk_v1,1.0.0,0.665,3.9,high,54.7,4.8468,13.0679,0.1333,60,"{'hist_mean_delay': 4.847, 'on_time_rate': 0.133, 'hist_delay_var': 13.068, 'order_frequency': 60}",Increase safety stock; request SLA commitment.,2024-12-01T00:00:00Z,2024-12-01,4.329666666666667,0.5616185567921823,0.19443333333333332,0.7494666666666667,0.5112499999999996,0,4.9343,0.7178,3.8243,6.5,60,2,2.58,Vietnam,Asia,2,0.86645,63.33749772,0,1,0
61,6,2024-01-01,supplier_risk_v1,1.0.0,0.7929,6.57,high,60.59,7.2149,28.0009,0.1333,60,"{'hist_mean_delay': 7.215, 'on_time_rate': 0.133, 'hist_delay_var': 28.001, 'order_frequency': 60}",Increase safety stock; request SLA commitment.,2024-01-01T00:00:00Z,2024-01-01,,0.0,,,,0,,,,5.8,90,3,2.58,Bangladesh,Asia,2,0.7731399999999999,202.02369341000002,0,1,0
62,6,2024-02-01,supplier_risk_v1,1.0.0,0.7633,7.71,high,60.01,7.8001,32.4967,0.15,60,"{'hist_mean_delay': 7.8, 'on_time_rate': 0.15, 'hist_delay_var': 32.497, 'order_frequency': 60}",Increase safety stock; request SLA commitment.,2024-02-01T00:00:00Z,2024-02-01,7.2149,0.0,0.1333,0.7929,0.5851999999999977,1,7.2149,0.7929,,5.8,90,3,2.58,Bangladesh,Asia,2,0.87,253.47750966999996,0,1,0
63,6,2024-03-01,supplier_risk_v1,1.0.0,0.7271,5.63,high,54.69,6.4233,28.7585,0.2333,60,"{'hist_mean_delay': 6.423, 'on_time_rate': 0.233, 'hist_delay_var': 28.758, 'order_frequency': 60}",Increase safety stock; request SLA commitment.,2024-03-01T00:00:00Z,2024-03-01,7.5075,0.41379888835036693,0.14165,0.7781,-0.3958000000000004,0,7.8001,0.7633,7.2149,5.8,90,3,2.58,Bangladesh,Asia,2,1.35314,184.72447305000003,0,1,0
64,6,2024-04-01,supplier_risk_v1,1.0.0,0.8905,8.26,high,66.21,7.8686,26.0977,0.1,60,"{'hist_mean_delay': 7.869, 'on_time_rate': 0.1, 'hist_delay_var': 26.098, 'order_frequency': 60}",Increase safety stock; request SLA commitment.,2024-04-01T00:00:00Z,2024-04-01,7.1461,0.6909736898030199,0.1722,0.7611,0.03424999999999972,0,6.4233,0.7271,7.8001,5.8,90,3,2.58,Bangladesh,Asia,2,0.58,205.35236222,0,1,0
65,6,2024-05-01,supplier_risk_v1,1.0.0,0.7846,10.04,high,62.87,8.6341,38.9436,0.1167,60,"{'hist_mean_delay': 8.634, 'on_time_rate': 0.117, 'hist_delay_var': 38.944, 'order_frequency': 60}",Increase safety stock; request SLA commitment.,2024-05-01T00:00:00Z,2024-05-01,7.364,0.8153897411667622,0.16110000000000002,0.7936333333333333,1.1053999999999988,0,7.8686,0.8905,6.4233,5.8,90,3,2.58,Bangladesh,Asia,2,0.67686,336.24293676,0,1,0
66,6,2024-06-01,supplier_risk_v1,1.0.0,0.8075,7.9,high,62.32,8.3429,42.938,0.1667,60,"{'hist_mean_delay': 8.343, 'on_time_rate': 0.167, 'hist_delay_var': 42.938, 'order_frequency': 60}",Increase safety stock; request SLA commitment.,2024-06-01T00:00:00Z,2024-06-01,7.6419999999999995,1.1226842076024761,0.15,0.8007333333333332,0.2371499999999993,0,8.6341,0.7846,7.8686,5.8,90,3,2.58,Bangladesh,Asia,2,0.9668599999999999,358.22744020000005,0,1,0
67,6,2024-07-01,supplier_risk_v1,1.0.0,0.8394,6.81,high,62.8,7.4314,27.5655,0.1333,60,"{'hist_mean_delay': 7.431, 'on_time_rate': 0.133, 'hist_delay_var': 27.566, 'order_frequency': 60}",Increase safety stock; request SLA commitment.,2024-07-01T00:00:00Z,2024-07-01,8.281866666666666,0.3863824055690588,0.1278,0.8275333333333332,-0.6013500000000007,0,8.3429,0.8075,8.6341,5.8,90,3,2.58,Bangladesh,Asia,2,0.7731399999999999,204.8502567,0,1,0
68,6,2024-08-01,supplier_risk_v1,1.0.0,0.866,9.44,high,64.68,7.939,27.7961,0.1333,60,"{'hist_mean_delay': 7.939, 'on_time_rate': 0.133, 'hist_delay_var': 27.796, 'order_frequency': 60}",Increase safety stock; request SLA commitment.,2024-08-01T00:00:00Z,2024-08-01,8.136133333333333,0.627444151565168,0.1389,0.8104999999999999,-0.20194999999999988,0,7.4314,0.8394,8.3429,5.8,90,3,2.58,Bangladesh,Asia,2,0.7731399999999999,220.6732379,0,1,0
69,6,2024-09-01,supplier_risk_v1,1.0.0,0.823,6.9,high,62.18,7.4562,26.3891,0.1333,60,"{'hist_mean_delay': 7.456, 'on_time_rate': 0.133, 'hist_delay_var': 26.389, 'order_frequency': 60}",Increase safety stock; request SLA commitment.,2024-09-01T00:00:00Z,2024-09-01,7.904433333333333,0.4567320914204899,0.14443333333333333,0.8376333333333333,0.012399999999999257,0,7.939,0.866,7.4314,5.8,90,3,2.58,Bangladesh,Asia,2,0.7731399999999999,196.76240742,0,1,0
70,6,2024-10-01,supplier_risk_v1,1.0.0,0.7619,6.19,high,59.21,6.7108,21.7152,0.1,60,"{'hist_mean_delay': 6.711, 'on_time_rate': 0.1, 'hist_delay_var': 21.715, 'order_frequency': 60}",Increase safety stock; request SLA commitment.,2024-10-01T00:00:00Z,2024-10-01,7.608866666666667,0.28617262855370407,0.1333,0.8428,-0.6141000000000001,0,7.4562,0.823,7.939,5.8,90,3,2.58,Bangladesh,Asia,2,0.58,145.72636416,0,1,0
71,6,2024-11-01,supplier_risk_v1,1.0.0,0.8719,8.33,high,66.45,8.4834,34.1398,0.1,60,"{'hist_mean_delay': 8.483, 'on_time_rate': 0.1, 'hist_delay_var': 34.14, 'order_frequency': 60}",Increase safety stock; request SLA commitment.,2024-11-01T00:00:00Z,2024-11-01,7.368666666666667,0.618761160168718,0.12220000000000002,0.8169666666666666,0.5136000000000002,0,6.7108,0.7619,7.4562,5.8,90,3,2.58,Bangladesh,Asia,2,0.58,289.62157932,0,1,0
72,6,2024-12-01,supplier_risk_v1,1.0.0,0.8192,7.66,high,62.44,7.9218,34.67,0.15,60,"{'hist_mean_delay': 7.922, 'on_time_rate': 0.15, 'hist_delay_var': 34.67, 'order_frequency': 60}",Increase safety stock; request SLA commitment.,2024-12-01T00:00:00Z,2024-12-01,7.550133333333332,0.8900254453291415,0.11110000000000002,0.8189333333333333,0.6054999999999992,0,8.4834,0.8719,6.7108,5.8,90,3,2.58,Bangladesh,Asia,2,0.87,274.64880600000004,0,1,0
73,7,2024-01-01,supplier_risk_v1,1.0.0,0.263,1.71,medium,31.46,1.5218,2.0689,0.3333,60,"{'hist_mean_delay': 1.522, 'on_time_rate': 0.333, 'hist_delay_var': 2.069, 'order_frequency': 60}",Monitor delivery windows; consider dual-sourcing.,2024-01-01T00:00:00Z,2024-01-01,,0.0,,,,0,,,,8.0,30,2,2.58,Mexico,Americas,1,2.6664,3.1484520200000006,1,0,0
74,7,2024-02-01,supplier_risk_v1,1.0.0,0.4211,1.21,medium,40.38,1.773,2.3521,0.2667,60,"{'hist_mean_delay': 1.773, 'on_time_rate': 0.267, 'hist_delay_var': 2.352, 'order_frequency': 60}",Monitor delivery windows; consider dual-sourcing.,2024-02-01T00:00:00Z,2024-02-01,1.5218,0.0,0.3333,0.263,0.2511999999999995,1,1.5218,0.263,,8.0,30,2,2.58,Mexico,Americas,1,2.1336,4.1702733,1,0,0
75,7,2024-03-01,supplier_risk_v1,1.0.0,0.3877,2.29,medium,38.49,1.8631,2.8721,0.3167,60,"{'hist_mean_delay': 1.863, 'on_time_rate': 0.317, 'hist_delay_var': 2.872, 'order_frequency': 60}",Monitor delivery windows; consider dual-sourcing.,2024-03-01T00:00:00Z,2024-03-01,1.6474,0.17762522343406065,0.3,0.34204999999999997,0.17065000000000008,0,1.773,0.4211,1.5218,8.0,30,2,2.58,Mexico,Americas,1,2.5336,5.35100951,1,0,0
76,7,2024-04-01,supplier_risk_v1,1.0.0,0.3856,2.18,medium,40.45,1.9391,2.737,0.2333,60,"{'hist_mean_delay': 1.939, 'on_time_rate': 0.233, 'hist_delay_var': 2.737, 'order_frequency': 60}",Monitor delivery windows; consider dual-sourcing.,2024-04-01T00:00:00Z,2024-04-01,1.7192999999999998,0.17687337278403434,0.30556666666666665,0.3572666666666667,0.08305000000000001,0,1.8631,0.3877,1.773,8.0,30,2,2.58,Mexico,Americas,1,1.8664,5.3073167,1,0,0
77,7,2024-05-01,supplier_risk_v1,1.0.0,0.4208,1.93,medium,40.49,1.8644,2.5542,0.2833,60,"{'hist_mean_delay': 1.864, 'on_time_rate': 0.283, 'hist_delay_var': 2.554, 'order_frequency': 60}",Monitor delivery windows; consider dual-sourcing.,2024-05-01T00:00:00Z,2024-05-01,1.8584000000000003,0.08314968430487267,0.2722333333333333,0.3981333333333333,0.000649999999999684,0,1.9391,0.3856,1.8631,8.0,30,2,2.58,Mexico,Americas,1,2.2664,4.76205048,1,0,0
78,7,2024-06-01,supplier_risk_v1,1.0.0,0.4213,1.67,medium,37.82,1.6605,2.562,0.3667,60,"{'hist_mean_delay': 1.661, 'on_time_rate': 0.367, 'hist_delay_var': 2.562, 'order_frequency': 60}",Monitor delivery windows; consider dual-sourcing.,2024-06-01T00:00:00Z,2024-06-01,1.8888666666666667,0.043508198461132665,0.27776666666666666,0.3980333333333333,-0.13929999999999987,0,1.8644,0.4208,1.9391,8.0,30,2,2.58,Mexico,Americas,1,2.9336,4.254201,1,0,0
79,7,2024-07-01,supplier_risk_v1,1.0.0,0.3821,1.71,medium,37.17,1.5769,1.7946,0.3,60,"{'hist_mean_delay': 1.577, 'on_time_rate': 0.3, 'hist_delay_var': 1.795, 'order_frequency': 60}",Monitor delivery windows; consider dual-sourcing.,2024-07-01T00:00:00Z,2024-07-01,1.8213333333333335,0.14420659947912684,0.2944333333333333,0.40923333333333334,-0.14375000000000016,0,1.6605,0.4213,1.8644,8.0,30,2,2.58,Mexico,Americas,1,2.4,2.82990474,1,0,0
80,7,2024-08-01,supplier_risk_v1,1.0.0,0.3728,1.96,medium,38.63,1.8765,2.6238,0.2833,60,"{'hist_mean_delay': 1.877, 'on_time_rate': 0.283, 'hist_delay_var': 2.624, 'order_frequency': 60}",Monitor delivery windows; consider dual-sourcing.,2024-08-01T00:00:00Z,2024-08-01,1.7006,0.14788532719644648,0.31666666666666665,0.40806666666666674,0.10799999999999986,0,1.5769,0.3821,1.6605,8.0,30,2,2.58,Mexico,Americas,1,2.2664,4.9235607,1,0,0
81,7,2024-09-01,supplier_risk_v1,1.0.0,0.4284,1.67,medium,40.72,1.7172,1.9482,0.25,60,"{'hist_mean_delay': 1.717, 'on_time_rate': 0.25, 'hist_delay_var': 1.948, 'order_frequency': 60}",Monitor delivery windows; consider dual-sourcing.,2024-09-01T00:00:00Z,2024-09-01,1.7046333333333334,0.15459900819000544,0.3166666666666667,0.39206666666666673,0.07014999999999998,0,1.8765,0.3728,1.5769,8.0,30,2,2.58,Mexico,Americas,1,2.0,3.34544904,1,0,0
82,7,2024-10-01,supplier_risk_v1,1.0.0,0.2856,0.84,medium,29.4,1.2617,1.7066,0.4167,60,"{'hist_mean_delay': 1.262, 'on_time_rate': 0.417, 'hist_delay_var': 1.707, 'order_frequency': 60}",Monitor delivery windows; consider dual-sourcing.,2024-10-01T00:00:00Z,2024-10-01,1.7235333333333334,0.14990037802932107,0.27776666666666666,0.39443333333333336,-0.30740000000000023,0,1.7172,0.4284,1.8765,8.0,30,2,2.58,Mexico,Americas,1,3.3336,2.15321722,1,0,0
83,7,2024-11-01,supplier_risk_v1,1.0.0,0.417,1.66,medium,40.95,1.7868,2.238,0.2333,60,"{'hist_mean_delay': 1.787, 'on_time_rate': 0.233, 'hist_delay_var': 2.238, 'order_frequency': 60}",Monitor delivery windows; consider dual-sourcing.,2024-11-01T00:00:00Z,2024-11-01,1.6184666666666665,0.3190704676608811,0.31666666666666665,0.3622666666666667,0.03480000000000009,0,1.2617,0.2856,1.7172,8.0,30,2,2.58,Mexico,Americas,1,1.8664,3.9988584,1,0,0
84,7,2024-12-01,supplier_risk_v1,1.0.0,0.3093,1.21,medium,31.58,1.3746,2.0155,0.3833,60,"{'hist_mean_delay': 1.375, 'on_time_rate': 0.383, 'hist_delay_var': 2.016, 'order_frequency': 60}",Monitor delivery windows; consider dual-sourcing.,2024-12-01T00:00:00Z,2024-12-01,1.5885666666666667,0.2852058963859852,0.3,0.377,0.05645000000000002,0,1.7868,0.417,1.2617,8.0,30,2,2.58,Mexico,Americas,1,3.0664,2.7705063,1,0,0
85,8,2024-01-01,supplier_risk_v1,1.0.0,0.1167,0.87,medium,26.01,0.8672,0.5983,0.3667,60,"{'hist_mean_delay': 0.867, 'on_time_rate': 0.367, 'hist_delay_var': 0.598, 'order_frequency': 60}",Monitor delivery windows; consider dual-sourcing.,2024-01-01T00:00:00Z,2024-01-01,,0.0,,,,0,,,,9.0,30,1,2.58,UK,Europe,1,3.3003,0.51884576,0,0,1
86,8,2024-02-01,supplier_risk_v1,1.0.0,0.0314,0.89,low,22.58,0.8656,0.4854,0.3667,60,"{'hist_mean_delay': 0.866, 'on_time_rate': 0.367, 'hist_delay_var': 0.485, 'order_frequency': 60}",No action required; continue standard ordering.,2024-02-01T00:00:00Z,2024-02-01,0.8672,0.0,0.3667,0.1167,-0.001600000000000083,0,0.8672,0.1167,,9.0,30,1,2.58,UK,Europe,0,3.3003,0.42016224,0,0,1
87,8,2024-03-01,supplier_risk_v1,1.0.0,0.028,1.08,low,24.18,0.9398,0.5213,0.3167,60,"{'hist_mean_delay': 0.94, 'on_time_rate': 0.317, 'hist_delay_var': 0.521, 'order_frequency': 60}",No action required; continue standard ordering.,2024-03-01T00:00:00Z,2024-03-01,0.8664000000000001,0.0011313708498984691,0.3667,0.07405,0.036299999999999964,1,0.8656,0.0314,0.8672,9.0,30,1,2.58,UK,Europe,0,2.8503,0.48991774,0,0,1
88,8,2024-04-01,supplier_risk_v1,1.0.0,0.0612,0.68,low,22.04,0.7925,0.5959,0.4167,60,"{'hist_mean_delay': 0.793, 'on_time_rate': 0.417, 'hist_delay_var': 0.596, 'order_frequency': 60}",No action required; continue standard ordering.,2024-04-01T00:00:00Z,2024-04-01,0.8908666666666667,0.04238506026105577,0.35003333333333336,0.0587,-0.03655000000000007,0,0.9398,0.028,0.8656,9.0,30,1,2.58,UK,Europe,0,3.7503,0.47225075,0,0,1
89,8,2024-05-01,supplier_risk_v1,1.0.0,0.1342,1.11,medium,29.23,0.986,0.5698,0.3,60,"{'hist_mean_delay': 0.986, 'on_time_rate': 0.3, 'hist_delay_var': 0.57, 'order_frequency': 60}",Monitor delivery windows; consider dual-sourcing.,2024-05-01T00:00:00Z,2024-05-01,0.8659666666666667,0.07365068454083323,0.3667,0.0402,0.02309999999999991,0,0.7925,0.0612,0.9398,9.0,30,1,2.58,UK,Europe,1,2.6999999999999997,0.5618228,0,0,1
90,8,2024-06-01,supplier_risk_v1,1.0.0,0.067,1.0,low,22.99,0.8306,0.5872,0.4,60,"{'hist_mean_delay': 0.831, 'on_time_rate': 0.4, 'hist_delay_var': 0.587, 'order_frequency': 60}",No action required; continue standard ordering.,2024-06-01T00:00:00Z,2024-06-01,0.9060999999999999,0.10105607354335511,0.34446666666666664,0.07446666666666667,0.019049999999999994,0,0.986,0.1342,0.7925,9.0,30,1,2.58,UK,Europe,0,3.6,0.48772832000000005,0,0,1
91,8,2024-07-01,supplier_risk_v1,1.0.0,0.0438,0.92,low,19.04,0.7286,0.5188,0.5,60,"{'hist_mean_delay': 0.729, 'on_time_rate': 0.5, 'hist_delay_var': 0.519, 'order_frequency': 60}",No action required; continue standard ordering.,2024-07-01T00:00:00Z,2024-07-01,0.8696999999999999,0.10250448770663655,0.37223333333333336,0.08746666666666668,-0.12869999999999995,0,0.8306,0.067,0.986,9.0,30,1,2.58,UK,Europe,0,4.5,0.37799768000000006,0,0,1
92,8,2024-08-01,supplier_risk_v1,1.0.0,0.0612,0.81,medium,25.03,0.8582,0.4563,0.3,60,"{'hist_mean_delay': 0.858, 'on_time_rate': 0.3, 'hist_delay_var': 0.456, 'order_frequency': 60}",Monitor delivery windows; consider dual-sourcing.,2024-08-01T00:00:00Z,2024-08-01,0.8483999999999999,0.12961990587868824,0.39999999999999997,0.08166666666666668,0.013799999999999974,0,0.7286,0.0438,0.8306,9.0,30,1,2.58,UK,Europe,1,2.6999999999999997,0.39159666,0,0,1
93,8,2024-09-01,supplier_risk_v1,1.0.0,0.0702,0.77,low,21.15,0.8005,0.5234,0.4833,60,"{'hist_mean_delay': 0.8, 'on_time_rate': 0.483, 'hist_delay_var': 0.523, 'order_frequency': 60}",No action required; continue standard ordering.,2024-09-01T00:00:00Z,2024-09-01,0.8058000000000001,0.0682665364582092,0.39999999999999997,0.057333333333333326,0.035949999999999954,0,0.8582,0.0612,0.7286,9.0,30,1,2.58,UK,Europe,0,4.3497,0.41898169999999996,0,0,1
94,8,2024-10-01,supplier_risk_v1,1.0.0,0.107,0.79,medium,25.21,0.8926,0.7106,0.4,60,"{'hist_mean_delay': 0.893, 'on_time_rate': 0.4, 'hist_delay_var': 0.711, 'order_frequency': 60}",Monitor delivery windows; consider dual-sourcing.,2024-10-01T00:00:00Z,2024-10-01,0.7957666666666667,0.06492952589795602,0.4277666666666667,0.0584,0.017199999999999847,0,0.8005,0.0702,0.8582,9.0,30,1,2.58,UK,Europe,1,3.6,0.63428156,0,0,1
95,8,2024-11-01,supplier_risk_v1,1.0.0,0.0598,0.78,low,23.97,0.8908,0.5306,0.3667,60,"{'hist_mean_delay': 0.891, 'on_time_rate': 0.367, 'hist_delay_var': 0.531, 'order_frequency': 60}",No action required; continue standard ordering.,2024-11-01T00:00:00Z,2024-11-01,0.8504333333333333,0.04653862195352731,0.39443333333333336,0.07946666666666667,0.04515000000000005,0,0.8926,0.107,0.8005,9.0,30,1,2.58,UK,Europe,0,3.3003,0.47265848,0,0,1
96,8,2024-12-01,supplier_risk_v1,1.0.0,0.1454,1.1,medium,32.45,1.1305,0.5351,0.2333,60,"{'hist_mean_delay': 1.13, 'on_time_rate': 0.233, 'hist_delay_var': 0.535, 'order_frequency': 60}",Monitor delivery windows; consider dual-sourcing.,2024-12-01T00:00:00Z,2024-12-01,0.8613,0.05266203566137564,0.4166666666666667,0.079,0.11894999999999996,1,0.8908,0.0598,0.8926,9.0,30,1,2.58,UK,Europe,1,2.0997,0.6049305500000001,0,0,1
97,9,2024-01-01,supplier_risk_v1,1.0.0,0.1842,1.33,medium,34.32,1.3271,0.7215,0.1833,60,"{'hist_mean_delay': 1.327, 'on_time_rate': 0.183, 'hist_delay_var': 0.721, 'order_frequency': 60}",Monitor delivery windows; consider dual-sourcing.,2024-01-01T00:00:00Z,2024-01-01,,0.0,,,,0,,,,8.8,15,1,2.58,South Korea,Asia,1,1.61304,0.95750265,0,1,0
98,9,2024-02-01,supplier_risk_v1,1.0.0,0.1572,1.35,medium,31.92,1.2455,0.7646,0.2167,60,"{'hist_mean_delay': 1.246, 'on_time_rate': 0.217, 'hist_delay_var': 0.765, 'order_frequency': 60}",Monitor delivery windows; consider dual-sourcing.,2024-02-01T00:00:00Z,2024-02-01,1.3271,0.0,0.1833,0.1842,-0.08159999999999995,0,1.3271,0.1842,,8.8,15,1,2.58,South Korea,Asia,1,1.9069600000000002,0.9523093,0,1,0
99,9,2024-03-01,supplier_risk_v1,1.0.0,0.2435,1.05,medium,32.04,1.0797,1.0514,0.3167,60,"{'hist_mean_delay': 1.08, 'on_time_rate': 0.317, 'hist_delay_var': 1.051, 'order_frequency': 60}",Monitor delivery windows; consider dual-sourcing.,2024-03-01T00:00:00Z,2024-03-01,1.2863,0.057699913344822204,0.2,0.17070000000000002,-0.12369999999999996,0,1.2455,0.1572,1.3271,8.8,15,1,2.58,South Korea,Asia,1,2.78696,1.13519658,0,1,0
100,9,2024-04-01,supplier_risk_v1,1.0.0,0.2489,1.26,medium,35.83,1.2757,0.8257,0.2167,60,"{'hist_mean_delay': 1.276, 'on_time_rate': 0.217, 'hist_delay_var': 0.826, 'order_frequency': 60}",Monitor delivery windows; consider dual-sourcing.,2024-04-01T00:00:00Z,2024-04-01,1.2174333333333334,0.12606543274559176,0.2389,0.19496666666666665,0.015099999999999805,0,1.0797,0.2435,1.2455,8.8,15,1,2.58,South Korea,Asia,1,1.9069600000000002,1.05334549,0,1,0
101,9,2024-05-01,supplier_risk_v1,1.0.0,0.1902,1.22,medium,35.95,1.3759,0.5837,0.1333,60,"{'hist_mean_delay': 1.376, 'on_time_rate': 0.133, 'hist_delay_var': 0.584, 'order_frequency': 60}",Monitor delivery windows; consider dual-sourcing.,2024-05-01T00:00:00Z,2024-05-01,1.2003000000000001,0.10552857432942032,0.25003333333333333,0.21653333333333333,0.14809999999999987,0,1.2757,0.2489,1.0797,8.8,15,1,2.58,South Korea,Asia,1,1.17304,0.8031128299999999,0,1,0
102,9,2024-06-01,supplier_risk_v1,1.0.0,0.1678,1.18,medium,33.37,1.2903,0.8193,0.1833,60,"{'hist_mean_delay': 1.29, 'on_time_rate': 0.183, 'hist_delay_var': 0.819, 'order_frequency': 60}",Monitor delivery windows; consider dual-sourcing.,2024-06-01T00:00:00Z,2024-06-01,1.2437666666666667,0.15065992610290668,0.2222333333333333,0.22753333333333334,0.007299999999999846,0,1.3759,0.1902,1.2757,8.8,15,1,2.58,South Korea,Asia,1,1.61304,1.05714279,0,1,0
103,9,2024-07-01,supplier_risk_v1,1.0.0,0.2754,1.37,medium,35.73,1.3389,1.0812,0.3,60,"{'hist_mean_delay': 1.339, 'on_time_rate': 0.3, 'hist_delay_var': 1.081, 'order_frequency': 60}",Monitor delivery windows; consider dual-sourcing.,2024-07-01T00:00:00Z,2024-07-01,1.3139666666666667,0.05413033653445461,0.17776666666666666,0.2023,-0.018500000000000075,0,1.2903,0.1678,1.3759,8.8,15,1,2.58,South Korea,Asia,1,2.64,1.44761868,0,1,0
104,9,2024-08-01,supplier_risk_v1,1.0.0,0.2099,1.2,medium,33.47,1.2599,0.8431,0.25,60,"{'hist_mean_delay': 1.26, 'on_time_rate': 0.25, 'hist_delay_var': 0.843, 'order_frequency': 60}",Monitor delivery windows; consider dual-sourcing.,2024-08-01T00:00:00Z,2024-08-01,1.3350333333333333,0.04293079702653228,0.20553333333333335,0.2111333333333333,-0.015199999999999997,0,1.3389,0.2754,1.2903,8.8,15,1,2.58,South Korea,Asia,1,2.2,1.0622216899999999,0,1,0
105,9,2024-09-01,supplier_risk_v1,1.0.0,0.2014,1.1,medium,32.47,1.2596,1.0335,0.2833,60,"{'hist_mean_delay': 1.26, 'on_time_rate': 0.283, 'hist_delay_var': 1.034, 'order_frequency': 60}",Monitor delivery windows; consider dual-sourcing.,2024-09-01T00:00:00Z,2024-09-01,1.2963666666666667,0.03984787740060085,0.24443333333333336,0.2177,-0.03965000000000008,0,1.2599,0.2099,1.3389,8.8,15,1,2.58,South Korea,Asia,1,2.49304,1.3017966,0,1,0
106,9,2024-10-01,supplier_risk_v1,1.0.0,0.1533,1.46,medium,34.12,1.374,0.8505,0.15,60,"{'hist_mean_delay': 1.374, 'on_time_rate': 0.15, 'hist_delay_var': 0.85, 'order_frequency': 60}",Monitor delivery windows; consider dual-sourcing.,2024-10-01T00:00:00Z,2024-10-01,1.2861333333333331,0.04569751999105983,0.27776666666666666,0.2289,0.05704999999999986,0,1.2596,0.2014,1.2599,8.8,15,1,2.58,South Korea,Asia,1,1.32,1.168587,0,1,0
107,9,2024-11-01,supplier_risk_v1,1.0.0,0.1354,1.42,medium,31.02,1.2838,0.9007,0.2333,60,"{'hist_mean_delay': 1.284, 'on_time_rate': 0.233, 'hist_delay_var': 0.901, 'order_frequency': 60}",Monitor delivery windows; consider dual-sourcing.,2024-11-01T00:00:00Z,2024-11-01,1.2978333333333334,0.06596243880674306,0.22776666666666665,0.1882,0.012100000000000045,0,1.374,0.1533,1.2596,8.8,15,1,2.58,South Korea,Asia,1,2.05304,1.15631866,0,1,0
108,9,2024-12-01,supplier_risk_v1,1.0.0,0.2566,1.32,medium,35.62,1.2939,0.8957,0.25,60,"{'hist_mean_delay': 1.294, 'on_time_rate': 0.25, 'hist_delay_var': 0.896, 'order_frequency': 60}",Monitor delivery windows; consider dual-sourcing.,2024-12-01T00:00:00Z,2024-12-01,1.3058,0.06028963426659667,0.22219999999999998,0.16336666666666666,-0.0400500000000002,0,1.2838,0.1354,1.374,8.8,15,1,2.58,South Korea,Asia,1,2.2,1.1589462300000002,0,1,0
109,10,2024-01-01,supplier_risk_v1,1.0.0,0.8271,11.9,high,62.26,10.3654,68.0555,0.1333,60,"{'hist_mean_delay': 10.365, 'on_time_rate': 0.133, 'hist_delay_var': 68.055, 'order_frequency': 60}",Increase safety stock; request SLA commitment.,2024-01-01T00:00:00Z,2024-01-01,,0.0,,,,0,,,,4.5,90,3,2.58,Indonesia,Asia,2,0.59985,705.4224796999999,0,1,0
110,10,2024-02-01,supplier_risk_v1,1.0.0,0.8647,8.62,high,63.96,10.533,58.6494,0.1333,60,"{'hist_mean_delay': 10.533, 'on_time_rate': 0.133, 'hist_delay_var': 58.649, 'order_frequency': 60}",Increase safety stock; request SLA commitment.,2024-02-01T00:00:00Z,2024-02-01,10.3654,0.0,0.1333,0.8271,0.1675999999999992,1,10.3654,0.8271,,4.5,90,3,2.58,Indonesia,Asia,2,0.59985,617.7541302,0,1,0
111,10,2024-03-01,supplier_risk_v1,1.0.0,0.7785,8.5,high,58.65,9.1972,54.0711,0.15,60,"{'hist_mean_delay': 9.197, 'on_time_rate': 0.15, 'hist_delay_var': 54.071, 'order_frequency': 60}",Increase safety stock; request SLA commitment.,2024-03-01T00:00:00Z,2024-03-01,10.4492,0.1185110965268655,0.1333,0.8459,-0.5840999999999998,0,10.533,0.8647,10.3654,4.5,90,3,2.58,Indonesia,Asia,2,0.6749999999999999,497.30272092,0,1,0
112,10,2024-04-01,supplier_risk_v1,1.0.0,0.8548,11.01,high,64.21,10.8096,67.5591,0.1167,60,"{'hist_mean_delay': 10.81, 'on_time_rate': 0.117, 'hist_delay_var': 67.559, 'order_frequency': 60}",Increase safety stock; request SLA commitment.,2024-04-01T00:00:00Z,2024-04-01,10.031866666666666,0.7276838416052207,0.13886666666666667,0.8234333333333334,0.13829999999999978,0,9.1972,0.7785,10.533,4.5,90,3,2.58,Indonesia,Asia,2,0.52515,730.28684736,0,1,0
113,10,2024-05-01,supplier_risk_v1,1.0.0,0.7981,11.61,high,61.81,11.8561,81.0848,0.1833,60,"{'hist_mean_delay': 11.856, 'on_time_rate': 0.183, 'hist_delay_var': 81.085, 'order_frequency': 60}",Increase safety stock; request SLA commitment.,2024-05-01T00:00:00Z,2024-05-01,10.179933333333333,0.8622357527575231,0.13333333333333333,0.8326666666666668,1.3294499999999985,0,10.8096,0.8548,9.1972,4.5,90,3,2.58,Indonesia,Asia,2,0.82485,961.34949728,0,1,0
114,10,2024-06-01,supplier_risk_v1,1.0.0,0.8064,8.3,high,60.87,9.8697,55.0,0.1333,60,"{'hist_mean_delay': 9.87, 'on_time_rate': 0.133, 'hist_delay_var': 55.0, 'order_frequency': 60}",Increase safety stock; request SLA commitment.,2024-06-01T00:00:00Z,2024-06-01,10.620966666666666,1.3394492164070024,0.15,0.8104666666666667,-0.4699500000000006,0,11.8561,0.7981,10.8096,4.5,90,3,2.58,Indonesia,Asia,2,0.59985,542.8335,0,1,0
115,10,2024-07-01,supplier_risk_v1,1.0.0,0.8199,10.38,high,61.53,9.6815,42.2064,0.1167,60,"{'hist_mean_delay': 9.682, 'on_time_rate': 0.117, 'hist_delay_var': 42.206, 'order_frequency': 60}",Increase safety stock; request SLA commitment.,2024-07-01T00:00:00Z,2024-07-01,10.845133333333335,0.9936766090299876,0.14443333333333333,0.8197666666666666,-1.0873000000000006,0,9.8697,0.8064,11.8561,4.5,90,3,2.58,Indonesia,Asia,2,0.52515,408.6212616,0,1,0
116,10,2024-08-01,supplier_risk_v1,1.0.0,0.8725,10.69,high,64.35,10.3113,47.0326,0.1167,60,"{'hist_mean_delay': 10.311, 'on_time_rate': 0.117, 'hist_delay_var': 47.033, 'order_frequency': 60}",Increase safety stock; request SLA commitment.,2024-08-01T00:00:00Z,2024-08-01,10.4691,1.2048574853483713,0.14443333333333333,0.8081333333333333,0.22080000000000038,0,9.6815,0.8199,9.8697,4.5,90,3,2.58,Indonesia,Asia,2,0.52515,484.96724838,0,1,0
117,10,2024-09-01,supplier_risk_v1,1.0.0,0.8695,12.68,high,66.81,11.983,58.0792,0.0833,60,"{'hist_mean_delay': 11.983, 'on_time_rate': 0.083, 'hist_delay_var': 58.079, 'order_frequency': 60}",Increase safety stock; request SLA commitment.,2024-09-01T00:00:00Z,2024-09-01,9.954166666666666,0.32328466300357267,0.12223333333333332,0.8329333333333334,1.1507499999999993,1,10.3113,0.8725,9.6815,4.5,90,3,2.58,Indonesia,Asia,2,0.37485,695.9630536000001,0,1,0
118,10,2024-10-01,supplier_risk_v1,1.0.0,0.8667,10.48,high,64.41,10.8594,62.4194,0.1333,60,"{'hist_mean_delay': 10.859, 'on_time_rate': 0.133, 'hist_delay_var': 62.419, 'order_frequency': 60}",Increase safety stock; request SLA commitment.,2024-10-01T00:00:00Z,2024-10-01,10.6586,1.1894067975255584,0.10556666666666666,0.8539666666666667,0.2740500000000014,0,11.983,0.8695,10.3113,4.5,90,3,2.58,Indonesia,Asia,2,0.59985,677.83723236,0,1,0
119,10,2024-11-01,supplier_risk_v1,1.0.0,0.8555,10.19,high,65.45,11.5723,58.9056,0.1,60,"{'hist_mean_delay': 11.572, 'on_time_rate': 0.1, 'hist_delay_var': 58.906, 'order_frequency': 60}",Increase safety stock; request SLA commitment.,2024-11-01T00:00:00Z,2024-11-01,11.051233333333334,0.8522002366423868,0.11110000000000002,0.8695666666666666,-0.2053500000000008,0,10.8594,0.8667,11.983,4.5,90,3,2.58,Indonesia,Asia,2,0.45,681.67327488,0,1,0
120,10,2024-12-01,supplier_risk_v1,1.0.0,0.8072,8.94,high,61.06,10.5894,68.1807,0.1667,60,"{'hist_mean_delay': 10.589, 'on_time_rate': 0.167, 'hist_delay_var': 68.181, 'order_frequency': 60}",Increase safety stock; request SLA commitment.,2024-12-01T00:00:00Z,2024-12-01,11.471566666666668,0.5685328867649988,0.10553333333333333,0.8639,-0.1350000000000023,0,11.5723,0.8555,10.8594,4.5,90,3,2.58,Indonesia,Asia,2,0.75015,721.99270458,0,1,0
